<?xml version="1.0" encoding="UTF-8"?>
<mapper device="KEYBOARD" author="Atomix Productions" version="802" date="2017-12-21">
	<map value="TAB" action="deck active select" />
	<map value="CTRL+TAB" action="sideview +1" />
	<map value="CTRL+SHIFT+TAB" action="sideview -1" />
	<map value="SPACE" action="play_pause" />
	<map value="SHIFT+SPACE" action="sync" />
	<map value="ALT+SPACE" action="mix_now" />
	<map value="CTRL+SPACE" action="automix" />
	<map value="NUM-" action="pitch -0.05" />
	<map value="NUM+" action="pitch +0.05" />
	<map value="SHIFT+NUM-" action="pitch -0.01" />
	<map value="SHIFT+NUM+" action="pitch +0.01" />
	<map value="CTRL+NUM-" action="pitch -0.2" />
	<map value="CTRL+NUM+" action="pitch +0.2" />
	<map value="NUM*" action="pitch 100%" />
	<map value="CTRL+NUM*" action="pitch_reset" />
	<map value="LEFT" action="nudge +10ms" />
	<map value="RIGHT" action="nudge -10ms" />
	<map value="SHIFT+LEFT" action="pitch_bend +5%" />
	<map value="SHIFT+RIGHT" action="pitch_bend -5%" />
	<map value="PAGE.DOWN" action="crossfader -10%" />
	<map value="PAGE.UP" action="crossfader +10%" />
	<map value="CTRL+PAGE.DOWN" action="crossfader 0% while_pressed" />
	<map value="CTRL+PAGE.UP" action="crossfader 100%" />
	<map value="ESCAPE" action="loop" />
	<map value="SHIFT+ESCAPE" action="settings" />
	<map value="1" action="loop 1" />
	<map value="2" action="loop 2" />
	<map value="3" action="nothing" />
	<map value="4" action="loop 4" />
	<map value="5" action="loop 8" />
	<map value="6" action="loop 16" />
	<map value="7" action="loop 32" />
	<map value="8" action="loop_half" />
	<map value="9" action="loop_double" />
	<map value="0" action="reloop" />
	<map value="ALT+1" action="goto_cue 1" />
	<map value="ALT+2" action="goto_cue 2" />
	<map value="ALT+3" action="goto_cue 3" />
	<map value="ALT+4" action="goto_cue 4" />
	<map value="ALT+5" action="goto_cue 5" />
	<map value="ALT+6" action="goto_cue 6" />
	<map value="ALT+7" action="goto_cue 7" />
	<map value="ALT+8" action="goto_cue 8" />
	<map value="ALT+9" action="goto_cue 9" />
	<map value="ALT+0" action="goto_cue 10" />
	<map value="CTRL+1" action="set_cue 1" />
	<map value="CTRL+2" action="set_cue 2" />
	<map value="CTRL+3" action="set_cue 3" />
	<map value="CTRL+4" action="set_cue 4" />
	<map value="CTRL+5" action="set_cue 5" />
	<map value="CTRL+6" action="set_cue 6" />
	<map value="CTRL+7" action="set_cue 7" />
	<map value="CTRL+8" action="set_cue 8" />
	<map value="CTRL+9" action="set_cue 9" />
	<map value="CTRL+0" action="set_cue 10" />
	<map value="F1" action="sampler 1 play_stop" />
	<map value="F2" action="sampler 2 play_stop" />
	<map value="F3" action="sampler 3 play_stop" />
	<map value="F4" action="sampler 4 play_stop" />
	<map value="F5" action="sampler 5 play_stop" />
	<map value="F6" action="sampler 6 play_stop" />
	<map value="F7" action="sampler 7 play_stop" />
	<map value="F8" action="sampler 8 play_stop" />
	<map value="F9" action="sampler 9 play_stop" />
	<map value="F10" action="sampler 10 play_stop" />
	<map value="F11" action="sampler 11 play_stop" />
	<map value="F12" action="sampler 12 play_stop" />
	<map value="SHIFT+F1" action="sampler 1 play while_pressed" />
	<map value="SHIFT+F2" action="sampler 2 play while_pressed" />
	<map value="SHIFT+F3" action="sampler 3 play while_pressed" />
	<map value="SHIFT+F4" action="sampler 4 play while_pressed" />
	<map value="SHIFT+F5" action="sampler 5 play while_pressed" />
	<map value="SHIFT+F6" action="sampler 6 play while_pressed" />
	<map value="SHIFT+F7" action="sampler 7 play while_pressed" />
	<map value="SHIFT+F8" action="sampler 8 play while_pressed" />
	<map value="SHIFT+F9" action="sampler 9 play while_pressed" />
	<map value="SHIFT+F10" action="sampler 10 play while_pressed" />
	<map value="SHIFT+F11" action="sampler 11 play while_pressed" />
	<map value="SHIFT+F12" action="sampler 12 play while_pressed" />
	<map value="P" action="	dump &amp; filter on while_pressed -&gt; set &apos;$pressing&apos; while_pressed &amp; var &apos;$pressing&apos; ? dump &amp; filter on : nothing
" />
	<map value="SHIFT+P" action="play while_pressed" />
	<map value="S" action="down ? dump on &amp; filter on : dump off &amp; filter off" />
	<map value="C" action="cue_stop" />
	<map value="CTRL+F" action="search" />
	<map value="CTRL+BACK" action="goto_last_folder" />
	<map value="CTRL+V" action="video" />
</mapper>
