<?xml version="1.0" encoding="UTF-8"?>
<page>
	<pad1 name="1/8" color="color &apos;cyan&apos;">loop_roll 0.125</pad1>
	<pad2 name="1/4" color="color &apos;cyan&apos;">loop_roll 0.25</pad2>
	<pad3 name="1/2" color="color &apos;cyan&apos;">loop_roll 0.5</pad3>
	<pad4 name="1" color="color &apos;cyan&apos;">loop_roll 1</pad4>
	<pad5 name="1/2" color="color &apos;cyan&apos;">loop_roll 0.5</pad5>
	<pad6 name="1" color="color &apos;cyan&apos;">loop_roll 1</pad6>
	<pad7 name="2" color="color &apos;cyan&apos;">loop_roll 2</pad7>
	<pad8 name="4" color="color &apos;cyan&apos;">loop_roll 4</pad8>
	<shift_pad1 name="1/32" color="color &apos;cyan&apos;">loop_roll 0.03125</shift_pad1>
	<shift_pad2 name="1/16" color="color &apos;cyan&apos;">loop_roll 0.0625</shift_pad2>
	<shift_pad3 name="1/8" color="color &apos;cyan&apos;">loop_roll 0.125</shift_pad3>
	<shift_pad4 name="1/4" color="color &apos;cyan&apos;">loop_roll 0.25</shift_pad4>
	<shift_pad5 name="1/2" color="color &apos;cyan&apos;">loop_roll 0.5</shift_pad5>
	<shift_pad6 name="3/4" color="color &apos;cyan&apos;">loop_roll 0.75</shift_pad6>
	<shift_pad7 name="1" color="color &apos;cyan&apos;">loop_roll 1</shift_pad7>
	<shift_pad8 name="2" color="color &apos;cyan&apos;">loop_roll 2</shift_pad8>
	<menu>Apply to Video +[effect_button &apos;Loop Roll&apos; 10]</menu>
</page>
