<?xml version="1.0" encoding="UTF-8"?>
<page name="PM colorFX">
	<pad1 name="FILTER">filter_selectcolorfx &apos;filter&apos; &amp; filter_activate 1 &amp; filter 50%
</pad1>
	<pad2 name="ECHO" pressure="
">filter_selectcolorfx &apos;echo&apos; &amp; filter_activate 1 &amp; filter 50%
</pad2>
	<pad3 name="NOISE">filter_selectcolorfx &apos;noise&apos; &amp; filter_activate 1 &amp; filter 50%
</pad3>
	<pad4 name="FLANGER">filter_selectcolorfx &apos;flanger&apos; &amp;&amp; filter_activate 1 &amp; filter 50%</pad4>
	<pad5 name="CUT">filter_selectcolorfx &apos;cut&apos; &amp;&amp; filter_activate 1 &amp; filter 50%</pad5>
	<pad6 name="DISTORTION">filter_selectcolorfx &apos;distortion&apos; &amp;&amp; filter_activate 1 &amp; filter 50%</pad6>
	<pad7 name="REVERB">filter_selectcolorfx &apos;reverb&apos; &amp;&amp; filter_activate 1 &amp; filter 50%</pad7>
	<pad8 name="LOOP ROLL">filter_selectcolorfx &apos;loop roll&apos; &amp;&amp; filter_activate 1 &amp; filter 50%</pad8>
	<shift_pad1 name="PITCH">filter_selectcolorfx &apos;pitch&apos; &amp;&amp; filter_activate 1 &amp; filter 50%</shift_pad1>
	<shift_pad2 name="SPIRAL">filter_selectcolorfx &apos;spiral&apos; &amp; filter_activate 1 &amp; filter 50%</shift_pad2>
	<shift_pad3 />
	<shift_pad4 />
</page>
