<?xml version="1.0" encoding="UTF-8"?>
<page name="PM FX">
	<pad1 color="color &apos;magenta&apos;" name="BEATGRID">effect_show_gui &apos;Beat Grid&apos; &amp; effect_active &apos;Beat grid&apos;</pad1>
	<pad2 name="FLANGER" color="color &apos;orange&apos;">effect_show_gui &quot;Flanger&quot; &amp; effect_active &apos;Flanger&apos; &amp; effect_slider &apos;Flanger&apos; 1 90% &amp; effect_slider &apos;Flanger&apos; 2 75%</pad2>
	<pad3 name="REVERB" color="color &apos;orange&apos;">effect_show_gui &apos;Reverb&apos; &amp;  effect_active &quot;reverb&quot; &amp; effect_slider &apos;Reverb&apos; 1 75% &amp; effect_slider &apos;Reverb&apos; 2 75%</pad3>
	<pad4 color="color &apos;yellow&apos;" name="ECHO">effect_show_gui &apos;Echo&apos; &amp;   effect_active &quot;echo&quot; &amp; effect_slider &apos;Echo&apos; 1 90% &amp; effect_slider &apos;Echo&apos; 2 55% &amp; effect_slider &apos;Echo&apos; 3 45% &amp; effect_slider &apos;Echo&apos; 4 75%</pad4>
	<param1 name="BTGR `get_effect_slider_text &apos;beat grid&apos; 1`">param_bigger 0 ? effect_slider &apos;Beat grid&apos; 1 +0.143 : effect_slider &apos;Beat Grid&apos; 1 -0.143</param1>
	<pad7 name="Prev FX">effect_3slots_layout 1 &amp; effect_select 1 -1  &amp; effect_select 2 &quot;none&quot; &amp; effect_select 3 &quot;none&quot;  </pad7>
	<pad6>dump while_pressed </pad6>
	<pad5 name="Activate">effect_3slots_layout 1 &amp; effect_select 2 &quot;none&quot; &amp; effect_select 3 &quot;none&quot;  &amp; effect_active 1</pad5>
	<shift_pad2>effect_show_gui &apos;Loop Roll&apos; &amp; effect_active &apos;Loop Roll&apos; &amp; effect_slider &apos;Loop Roll&apos; 1 60% </shift_pad2>
	<shift_pad3 />
	<shift_pad4 />
	<shift_pad1>pad 5 &amp; effect_show_gui &apos;Distortion&apos; &amp; effect_active &apos;Distortion&apos; &amp; effect_slider &apos;Distortion&apos; 1 30% &amp; effect_slider &apos;Distortion&apos; 2 1.5x</shift_pad1>
	<pad8 name="Next FX">effect_3slots_layout 1 &amp; effect_select 1 +1  &amp; effect_select 2 &quot;none&quot; &amp; effect_select 3 &quot;none&quot; </pad8>
	<param2 />
</page>
