<?xml version="1.0" encoding="UTF-8"?>
<page>
	<pad1 name="1" color="slicer 1 &apos;pressed&apos; ? color &apos;red&apos; : slicer 1 ? color &apos;green&apos; : color &apos;blue&apos;" autodim="false">slicer 1</pad1>
	<pad2 name="2" color="slicer 2 &apos;pressed&apos; ? color &apos;red&apos; : slicer 2 ? color &apos;green&apos; : color &apos;blue&apos;" autodim="false">slicer 2</pad2>
	<pad3 name="3" color="slicer 3 &apos;pressed&apos; ? color &apos;red&apos; : slicer 3 ? color &apos;green&apos; : color &apos;blue&apos;" autodim="false">slicer 3</pad3>
	<pad4 name="4" color="slicer 4 &apos;pressed&apos; ? color &apos;red&apos; : slicer 4 ? color &apos;green&apos; : color &apos;blue&apos;" autodim="false">slicer 4</pad4>
	<pad5 name="5" color="slicer 5 &apos;pressed&apos; ? color &apos;red&apos; : slicer 5 ? color &apos;green&apos; : color &apos;blue&apos;" autodim="false">slicer 5</pad5>
	<pad6 name="6" color="slicer 6 &apos;pressed&apos; ? color &apos;red&apos; : slicer 6 ? color &apos;green&apos; : color &apos;blue&apos;" autodim="false">slicer 6</pad6>
	<pad7 name="7" color="slicer 7 &apos;pressed&apos; ? color &apos;red&apos; : slicer 7 ? color &apos;green&apos; : color &apos;blue&apos;" autodim="false">slicer 7</pad7>
	<pad8 name="8" color="slicer 8 &apos;pressed&apos; ? color &apos;red&apos; : slicer 8 ? color &apos;green&apos; : color &apos;blue&apos;" autodim="false">slicer 8</pad8>
	<shift_pad1 name="HOLD 1" color="slicer 1 &apos;pressed&apos; ? color &apos;red&apos; : slicer 1 ? color &apos;blue&apos; : color &apos;green&apos;" autodim="false">slicer 5</shift_pad1>
	<shift_pad2 name="HOLD 2" color="slicer 2 &apos;pressed&apos; ? color &apos;red&apos; : slicer 2 ? color &apos;blue&apos; : color &apos;green&apos;" autodim="false">slicer 6</shift_pad2>
	<shift_pad3 name="HOLD 3" color="slicer 3 &apos;pressed&apos; ? color &apos;red&apos; : slicer 3 ? color &apos;blue&apos; : color &apos;green&apos;" autodim="false">slicer 7</shift_pad3>
	<shift_pad4 name="HOLD 4" color="slicer 4 &apos;pressed&apos; ? color &apos;red&apos; : slicer 4 ? color &apos;blue&apos; : color &apos;green&apos;" autodim="false">slicer 8</shift_pad4>
	<shift_pad5 name="HOLD 5" color="slicer 5 &apos;pressed&apos; ? color &apos;red&apos; : slicer 5 ? color &apos;blue&apos; : color &apos;green&apos;" autodim="false">slicer 5 &quot;hold&quot;</shift_pad5>
	<shift_pad6 name="HOLD 6" color="slicer 6 &apos;pressed&apos; ? color &apos;red&apos; : slicer 6 ? color &apos;blue&apos; : color &apos;green&apos;" autodim="false">slicer 6 &quot;hold&quot;</shift_pad6>
	<shift_pad7 name="HOLD 7" color="slicer 7 &apos;pressed&apos; ? color &apos;red&apos; : slicer 7 ? color &apos;blue&apos; : color &apos;green&apos;" autodim="false">slicer 7 &quot;hold&quot;</shift_pad7>
	<shift_pad8 name="HOLD 8" color="slicer 8 &apos;pressed&apos; ? color &apos;red&apos; : slicer 8 ? color &apos;blue&apos; : color &apos;green&apos;" autodim="false">slicer 8 &quot;hold&quot;</shift_pad8>
	<param1 name="LEN: `slicer &quot;length&quot;`">slicer &quot;length&quot;</param1>
	<param2 name="STEP: `slicer &quot;step&quot;`">slicer &quot;step&quot;</param2>
	<menu>Apply to Video +[effect_button &apos;Slicer&apos; 10]</menu>
</page>
