<?xml version="1.0" encoding="UTF-8"?>
<page>
	<pad1 name="BeatJump">pad_page &apos;beatjump&apos;</pad1>
	<pad2 name="Roll">pad_page &apos;loop roll&apos;</pad2>
	<pad3 name="Slicer">pad_page &apos;slicer&apos;</pad3>
	<pad4 name="KeyCue">pad_page &apos;keycue&apos;</pad4>
	<pad5 name="HotCues">pad_page &apos;hotcues&apos;</pad5>
	<pad6 name="PM Loop">pad_page &apos;PM Loop&quot;</pad6>
	<pad7 name="Sampler">pad_page &apos;slicer&apos;</pad7>
	<pad8 name="FX">pad_page &apos;PM FX</pad8>
	<param1 />
</page>
