<?xml version="1.0" encoding="UTF-8"?>
<page name="PM Loop">
	<pad1 color="color &apos;green&apos;" name="AutoLoop">Loop</pad1>
	<pad2 name="Loop 4" color="color &apos;green&apos;">loop 4</pad2>
	<pad3 name="1/2" color="color &apos;green&apos;">loop_half </pad3>
	<pad4 color="color &apos;green&apos;" name="2x">loop_double </pad4>
	<param1 color="cycle &apos;loopbank&apos; 1" name="SIZE `var &apos;loopbank&apos; 1 ? get_text &apos;LARGE&apos; : var &apos;loopbank&apos; 2 ? get_text &apos;SMALL&apos; : get_text &apos;NORMAL&apos;`">param_bigger 0 ? var &apos;loopbank&apos; 1 ? nothing : var &apos;loopbank&apos; 2 ? set &apos;loopbank&apos; 0 : set &apos;loopbank&apos; 1 : var &apos;loopbank&apos; 2 ? nothing : var &apos;loopbank&apos; 1 ? set &apos;loopbank&apos; 0 : set &apos;loopbank&apos; 2</param1>
	<shift_pad4 name="`var &apos;loopbank&apos; 1 ? get_text &apos;64 beats&apos; : var &apos;loopbank&apos; 2 ? get_text &apos;1 beat&apos; : get_text &apos;8 beats&apos;`">var &apos;loopbank&apos; 1 ? loop 64 : var &apos;loopbank&apos; 2 ? loop 1 : loop 8 </shift_pad4>
	<shift_pad1 name="`var &apos;loopbank&apos; 1 ? get_text &apos;8 beats&apos; : var &apos;loopbank&apos; 2 ? get_text &apos;1/8 beat&apos; : get_text &apos;1 beat&apos;`">var &apos;loopbank&apos; 1 ? loop 8 : var &apos;loopbank&apos; 2 ? loop 0.125 : loop 1 </shift_pad1>
	<shift_pad2 name="`var &apos;loopbank&apos; 1 ? get_text &apos;16 beats&apos; : var &apos;loopbank&apos; 2 ? get_text &apos;1/4 beat&apos; : get_text &apos;2 beats&apos;`">var &apos;loopbank&apos; 1 ? loop 16 : var &apos;loopbank&apos; 2 ? loop 0.25 : loop 2 </shift_pad2>
	<shift_pad3 name="`var &apos;loopbank&apos; 1 ? get_text &apos;32 beats&apos; : var &apos;loopbank&apos; 2 ? get_text &apos;1/2 beat&apos; : get_text &apos;4 beats&apos;`">var &apos;loopbank&apos; 1 ? loop 32 : var &apos;loopbank&apos; 2 ? loop 0.5 : loop 4 </shift_pad3>
	<shift_pad7 />
	<pad5 name="Roll 1/8">loop_roll 0.125</pad5>
	<pad6 name="Roll 1/4">loop_roll 0.25</pad6>
	<pad7 name="Roll 1/2">loop_roll 0.5</pad7>
	<pad8 name="Roll 1">loop_roll 1</pad8>
	<param2 />
	<shift_pad5 />
</page>
