<?xml version="1.0" encoding="UTF-8"?>
<page>
	<pad1 name="`get_sample_name 1 &quot;auto&quot;`" pressure="sampler_volume_nogroup 1 &quot;auto&quot;" color="sampler_color 1 &quot;auto&quot;">sampler_pad 1 &quot;auto&quot;</pad1>
	<pad2 name="`get_sample_name 2 &quot;auto&quot;`" pressure="sampler_volume_nogroup 2 &quot;auto&quot;" color="sampler_color 2 &quot;auto&quot;">sampler_pad 2 &quot;auto&quot;</pad2>
	<pad3 name="`get_sample_name 3 &quot;auto&quot;`" pressure="sampler_volume_nogroup 3 &quot;auto&quot;" color="sampler_color 3 &quot;auto&quot;">sampler_pad 3 &quot;auto&quot;</pad3>
	<pad4 name="`get_sample_name 4 &quot;auto&quot;`" pressure="sampler_volume_nogroup 4 &quot;auto&quot;" color="sampler_color 4 &quot;auto&quot;">sampler_pad 4 &quot;auto&quot;</pad4>
	<pad5 name="`get_sample_name 5 &quot;auto&quot;`" pressure="sampler_volume_nogroup 5 &quot;auto&quot;" color="sampler_color 5 &quot;auto&quot;">sampler_pad 5 &quot;auto&quot;</pad5>
	<pad6 name="`get_sample_name 6 &quot;auto&quot;`" pressure="sampler_volume_nogroup 6 &quot;auto&quot;" color="sampler_color 6 &quot;auto&quot;">sampler_pad 6 &quot;auto&quot;</pad6>
	<pad7 name="`get_sample_name 7 &quot;auto&quot;`" pressure="sampler_volume_nogroup 7 &quot;auto&quot;" color="sampler_color 7 &quot;auto&quot;">sampler_pad 7 &quot;auto&quot;</pad7>
	<pad8 name="`get_sample_name 8 &quot;auto&quot;`" pressure="sampler_volume_nogroup 8 &quot;auto&quot;" color="sampler_color 8 &quot;auto&quot;">sampler_pad 8 &quot;auto&quot;</pad8>
	<shift_pad1 name="`get_sample_name 1 &quot;auto&quot;`" color="sampler_color 1 &quot;auto&quot;">sampler_pad 5 &quot;auto&quot;</shift_pad1>
	<shift_pad2 name="`get_sample_name 2 &quot;auto&quot;`" color="sampler_color 2 &quot;auto&quot;">sampler_pad 6 &quot;auto&quot;</shift_pad2>
	<shift_pad3 name="`get_sample_name 3 &quot;auto&quot;`" color="sampler_color 3 &quot;auto&quot;">sampler_pad 7 &quot;auto&quot;</shift_pad3>
	<shift_pad4 name="`get_sample_name 4 &quot;auto&quot;`" color="sampler_color 4 &quot;auto&quot;">sampler_pad 8 &quot;auto&quot;</shift_pad4>
	<shift_pad5 name="`get_sample_name 5 &quot;auto&quot;`" color="sampler_color 5 &quot;auto&quot;">sampler_stop 5 &quot;auto&quot;</shift_pad5>
	<shift_pad6 name="`get_sample_name 6 &quot;auto&quot;`" color="sampler_color 6 &quot;auto&quot;">sampler_stop 6 &quot;auto&quot;</shift_pad6>
	<shift_pad7 name="`get_sample_name 7 &quot;auto&quot;`" color="sampler_color 7 &quot;auto&quot;">sampler_stop 7 &quot;auto&quot;</shift_pad7>
	<shift_pad8 name="`get_sample_name 8 &quot;auto&quot;`" color="sampler_color 8 &quot;auto&quot;">sampler_stop 8 &quot;auto&quot;</shift_pad8>
	<param1 name="`get_sampler_bank`">sampler_bank</param1>
	<param2 name="`sampler_mode`" visible="false">sampler_mode</param2>
	<menu>`sampler_options`</menu>
</page>
